-- DML - SQL Server (mock data)

INSERT INTO dbo.clientes (id, nome, email, telefone)
VALUES
  ('00000000-0000-0000-0000-000000000001', 'Cliente Alpha', 'alpha@cliente.com', '1111-1111'),
  ('00000000-0000-0000-0000-000000000002', 'Cliente Beta', 'beta@cliente.com', '2222-2222'),
  ('00000000-0000-0000-0000-000000000003', 'Cliente Gamma', 'gamma@cliente.com', '3333-3333'),
  ('00000000-0000-0000-0000-000000000004', 'Cliente Delta', 'delta@cliente.com', '4444-4444'),
  ('00000000-0000-0000-0000-000000000005', 'Cliente Epsilon', 'epsilon@cliente.com', '5555-5555'),
  ('00000000-0000-0000-0000-000000000006', 'Cliente Zeta', 'zeta@cliente.com', '6666-6666'),
  ('00000000-0000-0000-0000-000000000007', 'Cliente Eta', 'eta@cliente.com', '7777-7777'),
  ('00000000-0000-0000-0000-000000000008', 'Cliente Theta', 'theta@cliente.com', '8888-8888'),
  ('00000000-0000-0000-0000-000000000009', 'Cliente Iota', 'iota@cliente.com', '9999-9999'),
  ('00000000-0000-0000-0000-000000000010', 'Cliente Kappa', 'kappa@cliente.com', '1010-1010');

INSERT INTO dbo.operadores (id, nome, email, passwordHash, role)
VALUES
  ('00000000-0000-0000-0000-000000000101', 'Operador 01', 'op01@local.com', '$2b$10$0000000000000000000000000000000000000000000000000000000000', 'ADMIN'),
  ('00000000-0000-0000-0000-000000000102', 'Operador 02', 'op02@local.com', '$2b$10$0000000000000000000000000000000000000000000000000000000000', 'OPERATOR'),
  ('00000000-0000-0000-0000-000000000103', 'Operador 03', 'op03@local.com', '$2b$10$0000000000000000000000000000000000000000000000000000000000', 'OPERATOR'),
  ('00000000-0000-0000-0000-000000000104', 'Operador 04', 'op04@local.com', '$2b$10$0000000000000000000000000000000000000000000000000000000000', 'OPERATOR'),
  ('00000000-0000-0000-0000-000000000105', 'Operador 05', 'op05@local.com', '$2b$10$0000000000000000000000000000000000000000000000000000000000', 'OPERATOR'),
  ('00000000-0000-0000-0000-000000000106', 'Operador 06', 'op06@local.com', '$2b$10$0000000000000000000000000000000000000000000000000000000000', 'OPERATOR'),
  ('00000000-0000-0000-0000-000000000107', 'Operador 07', 'op07@local.com', '$2b$10$0000000000000000000000000000000000000000000000000000000000', 'OPERATOR'),
  ('00000000-0000-0000-0000-000000000108', 'Operador 08', 'op08@local.com', '$2b$10$0000000000000000000000000000000000000000000000000000000000', 'OPERATOR'),
  ('00000000-0000-0000-0000-000000000109', 'Operador 09', 'op09@local.com', '$2b$10$0000000000000000000000000000000000000000000000000000000000', 'OPERATOR'),
  ('00000000-0000-0000-0000-000000000110', 'Operador 10', 'op10@local.com', '$2b$10$0000000000000000000000000000000000000000000000000000000000', 'OPERATOR');

INSERT INTO dbo.viagens (
  id,
  codigoCarga,
  origemTexto,
  origemCidade,
  origemPais,
  origemLat,
  origemLng,
  destinoTexto,
  destinoCidade,
  destinoPais,
  destinoLat,
  destinoLng,
  dataSaida,
  previsaoEntrega,
  clienteId,
  operadorId,
  statusAtual,
  localAtualTexto,
  localAtualLat,
  localAtualLng
)
VALUES
  ('00000000-0000-0000-0000-000000000201', 'CRG-2026-001', 'Sao Paulo, BR', 'Sao Paulo', 'Brasil', -23.5505, -46.6333, 'Rio de Janeiro, BR', 'Rio de Janeiro', 'Brasil', -22.9068, -43.1729, '2026-02-01T08:00:00', '2026-02-03T18:00:00', '00000000-0000-0000-0000-000000000001', '00000000-0000-0000-0000-000000000102', 'EM_TRANSITO', 'Campinas, BR', -22.9099, -47.0626),
  ('00000000-0000-0000-0000-000000000202', 'CRG-2026-002', 'Curitiba, BR', 'Curitiba', 'Brasil', -25.4284, -49.2733, 'Porto Alegre, BR', 'Porto Alegre', 'Brasil', -30.0346, -51.2177, '2026-02-02T09:00:00', '2026-02-04T12:00:00', '00000000-0000-0000-0000-000000000002', '00000000-0000-0000-0000-000000000103', 'INICIADA', 'Curitiba, BR', -25.4284, -49.2733),
  ('00000000-0000-0000-0000-000000000203', 'CRG-2026-003', 'Recife, BR', 'Recife', 'Brasil', -8.0476, -34.8770, 'Fortaleza, BR', 'Fortaleza', 'Brasil', -3.7172, -38.5433, '2026-02-03T07:30:00', '2026-02-05T16:30:00', '00000000-0000-0000-0000-000000000003', '00000000-0000-0000-0000-000000000104', 'TRANSBORDO', 'Natal, BR', -5.7945, -35.2110),
  ('00000000-0000-0000-0000-000000000204', 'CRG-2026-004', 'Belo Horizonte, BR', 'Belo Horizonte', 'Brasil', -19.9167, -43.9345, 'Brasilia, BR', 'Brasilia', 'Brasil', -15.8267, -47.9218, '2026-02-03T10:00:00', '2026-02-06T09:00:00', '00000000-0000-0000-0000-000000000004', '00000000-0000-0000-0000-000000000105', 'EM_TRANSITO', 'Goiania, BR', -16.6869, -49.2648),
  ('00000000-0000-0000-0000-000000000205', 'CRG-2026-005', 'Manaus, BR', 'Manaus', 'Brasil', -3.1190, -60.0217, 'Belem, BR', 'Belem', 'Brasil', -1.4558, -48.5039, '2026-02-04T06:00:00', '2026-02-07T18:00:00', '00000000-0000-0000-0000-000000000005', '00000000-0000-0000-0000-000000000106', 'INICIADA', 'Manaus, BR', -3.1190, -60.0217),
  ('00000000-0000-0000-0000-000000000206', 'CRG-2026-006', 'Salvador, BR', 'Salvador', 'Brasil', -12.9714, -38.5014, 'Vitoria, BR', 'Vitoria', 'Brasil', -20.3155, -40.3128, '2026-02-05T11:00:00', '2026-02-08T13:00:00', '00000000-0000-0000-0000-000000000006', '00000000-0000-0000-0000-000000000107', 'EM_TRANSITO', 'Itabuna, BR', -14.7876, -39.2781),
  ('00000000-0000-0000-0000-000000000207', 'CRG-2026-007', 'Florianopolis, BR', 'Florianopolis', 'Brasil', -27.5954, -48.5480, 'Joinville, BR', 'Joinville', 'Brasil', -26.3045, -48.8487, '2026-02-06T08:30:00', '2026-02-07T20:00:00', '00000000-0000-0000-0000-000000000007', '00000000-0000-0000-0000-000000000108', 'INICIADA', 'Florianopolis, BR', -27.5954, -48.5480),
  ('00000000-0000-0000-0000-000000000208', 'CRG-2026-008', 'Campo Grande, BR', 'Campo Grande', 'Brasil', -20.4697, -54.6201, 'Cuiaba, BR', 'Cuiaba', 'Brasil', -15.6010, -56.0974, '2026-02-06T14:00:00', '2026-02-08T14:00:00', '00000000-0000-0000-0000-000000000008', '00000000-0000-0000-0000-000000000109', 'EM_TRANSITO', 'Rondonopolis, BR', -16.4673, -54.6372),
  ('00000000-0000-0000-0000-000000000209', 'CRG-2026-009', 'Natal, BR', 'Natal', 'Brasil', -5.7945, -35.2110, 'Joao Pessoa, BR', 'Joao Pessoa', 'Brasil', -7.1195, -34.8450, '2026-02-07T07:00:00', '2026-02-08T17:00:00', '00000000-0000-0000-0000-000000000009', '00000000-0000-0000-0000-000000000110', 'EM_TRANSITO', 'Campina Grande, BR', -7.2306, -35.8811),
  ('00000000-0000-0000-0000-000000000210', 'CRG-2026-010', 'Goiania, BR', 'Goiania', 'Brasil', -16.6869, -49.2648, 'Brasilia, BR', 'Brasilia', 'Brasil', -15.8267, -47.9218, '2026-02-07T10:00:00', '2026-02-09T10:00:00', '00000000-0000-0000-0000-000000000010', '00000000-0000-0000-0000-000000000102', 'INICIADA', 'Goiania, BR', -16.6869, -49.2648);

INSERT INTO dbo.historico_movimentacoes (id, viagemId, status, ocorridoEm, localTexto, lat, lng, observacoes)
VALUES
  ('00000000-0000-0000-0000-000000000301', '00000000-0000-0000-0000-000000000201', 'EM_TRANSITO', '2026-02-01T12:00:00', 'Campinas, BR', -22.9099, -47.0626, 'Em transito'),
  ('00000000-0000-0000-0000-000000000302', '00000000-0000-0000-0000-000000000202', 'INICIADA', '2026-02-02T09:00:00', 'Curitiba, BR', -25.4284, -49.2733, 'Carga registrada'),
  ('00000000-0000-0000-0000-000000000303', '00000000-0000-0000-0000-000000000203', 'TRANSBORDO', '2026-02-03T18:00:00', 'Natal, BR', -5.7945, -35.2110, 'Transbordo realizado'),
  ('00000000-0000-0000-0000-000000000304', '00000000-0000-0000-0000-000000000204', 'EM_TRANSITO', '2026-02-04T12:00:00', 'Goiania, BR', -16.6869, -49.2648, 'Em transito'),
  ('00000000-0000-0000-0000-000000000305', '00000000-0000-0000-0000-000000000205', 'INICIADA', '2026-02-04T06:00:00', 'Manaus, BR', -3.1190, -60.0217, 'Carga registrada'),
  ('00000000-0000-0000-0000-000000000306', '00000000-0000-0000-0000-000000000206', 'EM_TRANSITO', '2026-02-06T09:00:00', 'Itabuna, BR', -14.7876, -39.2781, 'Em transito'),
  ('00000000-0000-0000-0000-000000000307', '00000000-0000-0000-0000-000000000207', 'INICIADA', '2026-02-06T08:30:00', 'Florianopolis, BR', -27.5954, -48.5480, 'Carga registrada'),
  ('00000000-0000-0000-0000-000000000308', '00000000-0000-0000-0000-000000000208', 'EM_TRANSITO', '2026-02-06T20:00:00', 'Rondonopolis, BR', -16.4673, -54.6372, 'Em transito'),
  ('00000000-0000-0000-0000-000000000309', '00000000-0000-0000-0000-000000000209', 'EM_TRANSITO', '2026-02-07T12:00:00', 'Campina Grande, BR', -7.2306, -35.8811, 'Em transito'),
  ('00000000-0000-0000-0000-000000000310', '00000000-0000-0000-0000-000000000210', 'INICIADA', '2026-02-07T10:00:00', 'Goiania, BR', -16.6869, -49.2648, 'Carga registrada');
